NAME,TEAM,FTM_AVG,SET_EASY,TIER_EASY,SERIES_EASY,PLAY_EASY,COUNT_EASY,LOW_ASK_EASY,4HCHANGE %,SET_HARD,TIER_HARD,SERIES_HARD,PLAY_HARD,COUNT_HARD,LOW_ASK_HARD,4HCHANGE%
Giannis Antetokounmpo,MIL,7.69,Base Set,Common,3,Dunk,60000,4.00,0.00,MVP Moves,Rare,1,Assist,499,445.00,1.37
James Harden,BKN,7.02,Base Set,Common,2,Layup,35000,12.00,0.00,2021 All-Star Game,Rare,2,3 Pointer,2021,389.00,20.06
DeMar DeRozan,CHI,6.76,Base Set,Common,2,Dunk,15000,24.00,-4.00,Base Set,Common,1,Dunk,2986,201.00,0.00
Jimmy Butler,MIA,6.66,Base Set,Common,3,Dunk,60000,3.00,0.00,Base Set,Common,1,3 Pointer,1530,235.00,0.43
Trae Young,ATL,6.40,Base Set,Common,3,Assist,60000,3.00,0.00,Base Set,Common,1,Handles,2978,399.00,2.31
Kevin Durant,BKN,6.33,Base Set,Common,3,Jump Shot,60000,14.00,0.00,Metallic Gold LE,Rare,2,Dunk,499,3500.00,-2.75
Damian Lillard,POR,5.48,Base Set,Common,3,Layup,60000,3.00,0.00,Base Set,Common,1,Dunk,1433,440.00,10.28
Ja Morant,MEM,4.92,Base Set,Common,2,Layup,35000,17.00,0.00,Throwdowns,Rare,2,Dunk,1800,420.00,-0.47
Luka Doncic,DAL,4.88,Base Set,Common,3,Assist,60000,4.00,0.00,2021 All-Star Game,Rare,2,Dunk,2021,490.00,2.08
Bam Adebayo,MIA,4.73,Base Set,Common,2,Dunk,35000,5.00,0.00,Base Set,Common,1,Block,1431,195.00,2.09
Rudy Gobert,UTA,4.67,Base Set,Common,2,Block,40000,7.00,0.00,2021 All-Star Game,Rare,2,Dunk,2021,157.00,1.29
Kristaps Porzingis,DAL,4.55,Base Set,Common,2,Dunk,35000,5.00,0.00,Base Set,Common,1,3 Pointer,2982,80.00,0.00
De'Aaron Fox,SAC,4.40,Base Set,Common,2,Dunk,40000,10.00,0.00,Throwdowns,Rare,2,Dunk,1800,129.00,0.00
Nikola Jokic,DEN,4.30,Base Set,Common,2,Assist,35000,9.00,0.00,2021 All-Star Game,Rare,2,Dunk,2021,235.00,0.00
Harrison Barnes,SAC,4.26,Base Set,Common,3,3 Pointer,60000,3.00,0.00,Metallic Gold LE,Rare,2,3 Pointer,499,335.00,-2.62
Khris Middleton,MIL,4.22,Base Set,Common,2,Assist,40000,7.00,0.00,Base Set,Common,1,Dunk,1000,229.00,4.09
Devin Booker,PHX,4.21,Base Set,Common,3,Steal,60000,3.00,0.00,And Then There Were Four,Rare,2,3 Pointer,750,420.00,0.00
Domantas Sabonis,IND,4.09,Base Set,Common,2,Block,35000,4.00,-20.00,Base Set,Common,1,Dunk,3999,84.00,9.09
Zach LaVine,CHI,4.05,Base Set,Common,2,Dunk,35000,7.00,-12.50,2021 All-Star Game,Rare,2,Layup,2021,185.00,0.00
Norman Powell,POR,4.03,Base Set,Common,2,Dunk,40000,5.00,0.00,Metallic Gold LE,Rare,2,Jump Shot,499,170.00,7.59
Paul George,LAC,3.96,Base Set,Common,2,Jump Shot,40000,4.00,-20.00,Throwdowns,Rare,2,Dunk,1800,104.00,-0.95
Pascal Siakam,TOR,3.81,Base Set,Common,3,Dunk,60000,3.00,0.00,Base Set,Common,1,Block,3999,99.00,1.02
Malcolm Brogdon,IND,3.75,Base Set,Common,3,Layup,60000,2.00,-33.33,Base Set,Common,1,Dunk,1430,64.00,1.59
Donovan Mitchell,UTA,3.70,Base Set,Common,3,3 Pointer,60000,3.00,0.00,2021 All-Star Game,Rare,2,Dunk,2021,185.00,-1.60
Julius Randle,NYK,3.59,Base Set,Common,3,Dunk,60000,3.00,0.00,Base Set,Common,1,Dunk,3999,74.00,10.45
Jaren Jackson Jr.,MEM,3.46,Base Set,Common,3,Dunk,60000,2.00,-33.33,Base Set,Common,1,Dunk,3999,90.00,0.00
Cole Anthony,ORL,3.32,Base Set,Common,3,Layup,60000,3.00,0.00,Base Set,Common,2,Jump Shot,4000,150.00,0.00
Bojan Bogdanovic,UTA,3.28,Base Set,Common,3,Handles,60000,3.00,0.00,Base Set,Common,1,3 Pointer,3999,53.00,0.00
Jusuf Nurkic,POR,3.16,Base Set,Common,2,Block,40000,13.00,8.33,Base Set,Common,1,Dunk,2680,82.00,-1.20
Fred VanVleet,TOR,3.10,Base Set,Common,2,Layup,40000,13.00,0.00,Metallic Gold LE,Rare,2,Layup,499,390.00,0.00
Dillon Brooks,MEM,3.05,Base Set,Common,2,Layup,15000,6.00,0.00,Base Set,Common,1,Assist,3999,38.00,0.00
RJ Barrett,NYK,3.00,Base Set,Common,2,Dunk,35000,5.00,-16.67,Rising Stars,Rare,2,Dunk,2021,194.00,0.00
Jalen Suggs,ORL,2.96,Base Set,Common,3,3 Pointer,4000,299.00,8.73,Base Set,Common,3,3 Pointer,4000,299.00,8.73
Jarrett Allen,CLE,2.93,Base Set,Common,3,Dunk,60000,3.00,0.00,Base Set,Common,1,Block,3999,66.00,-1.49
Miles Bridges,CHA,2.89,Base Set,Common,2,Dunk,40000,8.00,0.00,Base Set,Common,1,Dunk,3999,105.00,8.25
John Collins,ATL,2.88,Base Set,Common,3,Dunk,60000,3.00,0.00,Base Set,Common,1,Dunk,3999,53.00,-1.85
Kevin Love,CLE,2.88,Base Set,Common,2,Assist,40000,7.00,16.67,Base Set,Common,1,Assist,1500,135.00,1.50
Derrick White,SAS,2.86,Base Set,Common,3,Layup,9999,12.00,20.00,Base Set,Common,2,3 Pointer,12000,20.00,5.26
Gordon Hayward,CHA,2.80,Base Set,Common,3,Assist,60000,3.00,0.00,Base Set,Common,2,Jump Shot,12000,13.00,0.00
Tyler Herro,MIA,2.79,Base Set,Common,3,3 Pointer,60000,3.00,50.00,Rising Stars,Rare,2,3 Pointer,2021,220.00,0.46
Caris LeVert,IND,2.67,Base Set,Common,3,3 Pointer,60000,3.00,0.00,Base Set,Common,1,Assist,1428,98.00,15.29
D.J. Wilson,TOR,2.67,nan,nan,nan,nan,nan,nan,nan,nan,nan,nan,nan,nan,nan,nan
Brandon Knight,DAL,2.67,nan,nan,nan,nan,nan,nan,nan,nan,nan,nan,nan,nan,nan,nan
Alec Burks,NYK,2.64,Base Set,Common,2,Assist,12000,35.00,0.00,Base Set,Common,2,Assist,12000,35.00,0.00
Collin Sexton,CLE,2.64,Base Set,Common,3,Dunk,60000,3.00,0.00,Base Set,Common,1,Dunk,3999,52.00,6.12
LaMelo Ball,CHA,2.63,Base Set,Common,2,Layup,40000,60.00,0.00,Base Set,Common,2,Assist,4000,785.00,0.00
Ricky Rubio,CLE,2.59,Base Set,Common,2,Layup,40000,7.00,0.00,Base Set,Common,1,Layup,3345,46.00,0.00
Marcus Morris Sr.,LAC,2.58,Base Set,Common,3,Jump Shot,60000,3.00,0.00,Base Set,Common,1,Dunk,1500,62.00,-3.12
Franz Wagner,ORL,2.54,Base Set,Common,3,Dunk,4000,298.00,0.68,Base Set,Common,3,Dunk,4000,298.00,0.68
Chris Paul,PHX,2.43,Base Set,Common,3,Jump Shot,60000,3.00,0.00,2021 All-Star Game,Rare,2,Dunk,2021,188.00,1.08
OG Anunoby,TOR,2.41,Base Set,Common,3,Dunk,60000,3.00,0.00,Base Set,Common,1,Block,1358,162.00,0.00
Kyle Lowry,MIA,2.41,Base Set,Common,2,Layup,35000,7.00,-12.50,Base Set,Common,1,3 Pointer,1532,235.00,4.44
Terrence Ross,ORL,2.33,Base Set,Common,2,Dunk,40000,5.00,25.00,Base Set,Common,1,Dunk,3999,29.00,0.00
Aaron Gordon,DEN,2.29,Base Set,Common,3,Dunk,60000,3.00,0.00,Base Set,Common,1,Dunk,3999,33.00,0.00
Darius Garland,CLE,2.26,Base Set,Common,3,Assist,60000,4.00,33.33,Base Set,Common,1,Layup,3999,279.00,-0.36
Ivica Zubac,LAC,2.25,Base Set,Common,3,Assist,60000,3.00,0.00,Base Set,Common,1,Dunk,3287,33.00,0.00
Evan Mobley,CLE,2.23,Metallic Silver FE,Fandom,3,Block,4488,315.00,1.61,Base Set,Common,3,Layup,4000,492.00,-0.40
Jalen Brunson,DAL,2.20,Base Set,Common,3,Layup,60000,2.00,-33.33,Base Set,Common,1,3 Pointer,3999,50.00,-5.66
Cam Reddish,ATL,2.12,Base Set,Common,3,Dunk,60000,3.00,0.00,Throwdowns,Rare,2,Dunk,1800,85.00,-1.16
Danilo Gallinari,ATL,2.11,Base Set,Common,3,3 Pointer,60000,3.00,0.00,Base Set,Common,1,Dunk,1000,79.00,0.00
Scottie Barnes,TOR,2.08,Base Set,Common,3,Layup,4000,555.00,0.00,Base Set,Common,3,Layup,4000,555.00,0.00
Deandre Ayton,PHX,2.04,Base Set,Common,2,Dunk,15000,32.00,0.00,Base Set,Common,1,Dunk,2986,124.00,-0.80
Wendell Carter Jr.,ORL,2.03,Base Set,Common,3,Dunk,60000,3.00,0.00,Base Set,Common,2,Dunk,12000,28.00,3.70
Keldon Johnson,SAS,2.02,Base Set,Common,3,Dunk,60000,2.00,-33.33,Base Set,Common,2,Dunk,12000,19.00,-5.00
Malik Newman,CLE,2.00,nan,nan,nan,nan,nan,nan,nan,nan,nan,nan,nan,nan,nan,nan
James Ennis III,LAC,2.00,Base Set,Common,2,Layup,12000,13.00,0.00,Base Set,Common,2,Layup,12000,13.00,0.00
Jeff Green,DEN,2.00,Base Set,Common,3,Layup,60000,2.00,-33.33,Base Set,Common,2,Dunk,12000,8.00,-11.11
Goran Dragic,TOR,2.00,Base Set,Common,2,Layup,40000,4.00,0.00,Base Set,Common,1,Layup,1611,53.00,0.00
Frank Kaminsky,PHX,2.00,Base Set,Common,3,Layup,12000,9.00,0.00,Base Set,Common,3,Layup,12000,9.00,0.00
Brandon Williams,POR,2.00,nan,nan,nan,nan,nan,nan,nan,nan,nan,nan,nan,nan,nan,nan
Terry Rozier,CHA,1.97,Base Set,Common,2,Layup,35000,8.00,0.00,Throwdowns,Rare,2,Dunk,1800,130.00,4.00
Dejounte Murray,SAS,1.93,Base Set,Common,2,3 Pointer,40000,9.00,-10.00,Base Set,Common,1,Layup,3999,140.00,5.26
Donte DiVincenzo,MIL,1.90,Base Set,Common,2,Layup,40000,6.00,-14.29,Base Set,Common,1,Dunk,3999,46.00,2.22
Bismack Biyombo,PHX,1.89,Base Set,Common,2,Layup,15000,37.00,-13.95,Base Set,Common,1,Dunk,3999,79.00,23.44
Myles Turner,IND,1.88,Base Set,Common,2,Block,40000,4.00,0.00,Base Set,Common,1,Dunk,3999,47.00,0.00
Kyrie Irving,BKN,1.86,Base Set,Common,2,Jump Shot,40000,8.00,0.00,2021 All-Star Game,Rare,2,Dunk,2021,279.00,0.00
Jrue Holiday,MIL,1.83,Base Set,Common,2,Layup,35000,7.00,0.00,Base Set,Common,1,Assist,3342,99.00,12.50
DeMarcus Cousins,MIL,1.82,Base Set,Common,2,3 Pointer,15000,6.00,0.00,Run It Back,Rare,1,Dunk,275,1400.00,0.00
Jeremy Lamb,IND,1.82,Base Set,Common,2,3 Pointer,12000,11.00,-8.33,Base Set,Common,2,3 Pointer,12000,11.00,-8.33
Onyeka Okongwu,ATL,1.79,Base Set,Common,2,Dunk,40000,5.00,0.00,Base Set,Common,2,Dunk,4000,70.00,-4.11
Chris Boucher,TOR,1.79,Base Set,Common,3,Dunk,60000,2.00,0.00,Base Set,Common,2,Block,12000,12.00,0.00
Mike Conley,UTA,1.79,Base Set,Common,3,Layup,60000,3.00,0.00,Base Set,Common,1,3 Pointer,3999,43.00,0.00
Tim Hardaway Jr.,DAL,1.78,Base Set,Common,2,Dunk,40000,4.00,0.00,Metallic Gold LE,Rare,2,Dunk,499,202.00,0.00
Kemba Walker,NYK,1.78,Base Set,Common,2,Assist,40000,4.00,0.00,Base Set,Common,1,Assist,1927,62.00,3.33
Reggie Jackson,LAC,1.77,Base Set,Common,3,Layup,60000,3.00,0.00,Base Set,Common,2,Dunk,12000,8.00,0.00
Richaun Holmes,SAC,1.77,Base Set,Common,3,Dunk,60000,3.00,0.00,Metallic Gold LE,Rare,2,Dunk,499,182.00,0.00
Isaac Okoro,CLE,1.76,Base Set,Common,3,Dunk,60000,3.00,50.00,Base Set,Common,2,Dunk,4000,55.00,0.00
Alex Caruso,CHI,1.71,Base Set,Common,3,Dunk,60000,3.00,0.00,Throwdowns,Rare,2,Dunk,1800,90.00,-2.17
Hassan Whiteside,UTA,1.70,Base Set,Common,3,Block,60000,3.00,0.00,Base Set,Common,1,Block,3344,57.00,42.50
Chaundee Brown Jr.,ATL,1.67,nan,nan,nan,nan,nan,nan,nan,nan,nan,nan,nan,nan,nan,nan
Immanuel Quickley,NYK,1.66,Base Set,Common,2,Handles,40000,7.00,0.00,Base Set,Common,2,Jump Shot,4000,85.00,-3.41
Lauri Markkanen,CLE,1.66,Base Set,Common,2,Dunk,40000,5.00,-16.67,Base Set,Common,2,Dunk,12000,11.00,0.00
Nassir Little,POR,1.63,Base Set,Common,3,Dunk,60000,3.00,0.00,Base Set,Common,2,Dunk,12000,32.00,0.00
Eric Bledsoe,LAC,1.63,Base Set,Common,2,Block,15000,9.00,12.50,Metallic Gold LE,Rare,2,Jump Shot,499,120.00,-9.09
Buddy Hield,SAC,1.63,Base Set,Common,2,Layup,40000,12.00,-7.69,Base Set,Common,1,Dunk,3999,59.00,-9.23
Steven Adams,MEM,1.60,Base Set,Common,2,Dunk,35000,4.00,0.00,Base Set,Common,1,Assist,3346,44.00,0.00
Anfernee Simons,POR,1.58,Base Set,Common,3,Handles,60000,3.00,0.00,Base Set,Common,2,Dunk,12000,33.00,0.00
Jordan Clarkson,UTA,1.57,Base Set,Common,3,Steal,60000,3.00,0.00,Metallic Gold LE,Rare,2,Dunk,499,150.00,-3.23
De'Andre Hunter,ATL,1.56,Base Set,Common,3,Dunk,60000,3.00,0.00,Rising Stars,Rare,2,Layup,2021,130.00,1.56
Jalen Smith,PHX,1.55,Base Set,Common,2,Jump Shot,4000,145.00,-6.45,Base Set,Common,2,Jump Shot,4000,145.00,-6.45
Coby White,CHI,1.54,Base Set,Common,3,Dunk,60000,3.00,0.00,Base Set,Common,1,Assist,2979,96.00,1.05
Kelly Oubre Jr.,CHA,1.53,Base Set,Common,2,Dunk,15000,21.00,10.53,Base Set,Common,1,Block,3345,61.00,-4.69
Lonnie Walker IV,SAS,1.53,Base Set,Common,3,Layup,60000,2.00,0.00,Base Set,Common,1,3 Pointer,3999,33.00,0.00
Dwight Powell,DAL,1.53,Base Set,Common,2,Dunk,12000,16.00,-5.88,Base Set,Common,2,Dunk,12000,16.00,-5.88
LaMarcus Aldridge,BKN,1.52,Base Set,Common,3,Jump Shot,60000,2.00,-33.33,Base Set,Common,1,Jump Shot,3999,39.00,2.63
Bobby Portis,MIL,1.50,2021 NBA Playoffs,Common,2,Dunk,11250,28.00,3.70,Base Set,Common,2,Dunk,12000,30.00,0.00
Emmanuel Mudiay,SAC,1.50,nan,nan,nan,nan,nan,nan,nan,nan,nan,nan,nan,nan,nan,nan
Nik Stauskas,MIA,1.50,nan,nan,nan,nan,nan,nan,nan,nan,nan,nan,nan,nan,nan,nan
Gary Trent Jr.,TOR,1.49,Base Set,Common,2,3 Pointer,12000,43.00,-6.52,Base Set,Common,2,3 Pointer,12000,43.00,-6.52
JaVale McGee,PHX,1.48,Base Set,Common,3,Dunk,60000,3.00,0.00,Base Set,Common,1,Block,3339,57.00,1.79
Rudy Gay,UTA,1.43,Base Set,Common,3,Dunk,60000,3.00,50.00,Base Set,Common,1,Dunk,3999,29.00,0.00
CJ McCollum,POR,1.43,Base Set,Common,2,Handles,40000,7.00,-12.50,Base Set,Common,1,Dunk,3999,59.00,0.00
Cameron Payne,PHX,1.43,Base Set,Common,3,Handles,60000,3.00,0.00,Base Set,Common,1,Steal,1500,48.00,-4.00
Tyrese Haliburton,SAC,1.41,Base Set,Common,3,Layup,9999,15.00,0.00,Base Set,Common,2,Jump Shot,4000,240.00,-3.61
Cody Zeller,POR,1.41,Base Set,Common,2,Dunk,40000,7.00,0.00,Base Set,Common,1,Dunk,3999,81.00,-1.22
Chris Duarte,IND,1.40,Base Set,Common,3,3 Pointer,4000,197.00,-2.48,Base Set,Common,3,3 Pointer,4000,197.00,-2.48
Danuel House Jr.,UTA,1.40,Base Set,Common,2,Layup,40000,4.00,0.00,Base Set,Common,1,Dunk,3525,29.00,0.00
Desmond Bane,MEM,1.38,Base Set,Common,3,Dunk,60000,6.00,0.00,Base Set,Common,2,3 Pointer,4000,185.00,-0.54
Moritz Wagner,ORL,1.37,Base Set,Common,3,Dunk,60000,3.00,0.00,Base Set,Common,1,Handles,3999,34.00,0.00
Terance Mann,LAC,1.36,Base Set,Common,3,Dunk,60000,3.00,0.00,Base Set,Common,2,Dunk,12000,14.00,7.69
Khem Birch,TOR,1.35,Base Set,Common,2,Dunk,40000,6.00,0.00,Base Set,Common,2,Dunk,12000,13.00,0.00
Malcolm Hill,ATL,1.33,nan,nan,nan,nan,nan,nan,nan,nan,nan,nan,nan,nan,nan,nan
Mitchell Robinson,NYK,1.33,Base Set,Common,2,Dunk,15000,17.00,0.00,Base Set,Common,1,Dunk,3999,40.00,0.00
Obi Toppin,NYK,1.33,Base Set,Common,3,Dunk,60000,3.00,0.00,Base Set,Common,2,3 Pointer,4000,86.00,-1.15
Gary Harris,ORL,1.30,Base Set,Common,3,Layup,60000,3.00,50.00,Base Set,Common,1,Dunk,1000,93.00,5.68
Will Barton,DEN,1.30,2021 NBA Playoffs,Common,2,Dunk,11500,16.00,0.00,Base Set,Common,2,Dunk,12000,18.00,0.00
Marvin Bagley III,SAC,1.30,Base Set,Common,2,Dunk,40000,6.00,20.00,Base Set,Common,1,Dunk,3999,36.00,-2.70
Brandon Boston Jr.,LAC,1.29,Base Set,Common,3,Jump Shot,4000,83.00,1.22,Base Set,Common,3,Jump Shot,4000,83.00,1.22
Lou Williams,ATL,1.28,Base Set,Common,2,Assist,40000,5.00,25.00,Base Set,Common,1,Handles,3999,38.00,0.00
Drew Eubanks,SAS,1.26,Base Set,Common,3,Block,60000,2.00,-33.33,Base Set,Common,2,Dunk,12000,7.00,0.00
Derrick Jones Jr.,CHI,1.26,Base Set,Common,3,Dunk,60000,3.00,0.00,Base Set,Common,2,Dunk,12000,8.00,0.00
Amir Coffey,LAC,1.26,nan,nan,nan,nan,nan,nan,nan,nan,nan,nan,nan,nan,nan,nan
Cameron Johnson,PHX,1.26,Base Set,Common,2,Layup,40000,5.00,25.00,Base Set,Common,2,Dunk,12000,12.00,9.09
Rajon Rondo,CLE,1.25,Archive Set,Common,S21,Layup,20000,9.00,0.00,Base Set,Common,1,Assist,2077,154.00,6.21
Tyler Cook,CHI,1.25,nan,nan,nan,nan,nan,nan,nan,nan,nan,nan,nan,nan,nan,nan
Brandon Clarke,MEM,1.24,Base Set,Common,2,Dunk,40000,4.00,0.00,Base Set,Common,2,Layup,12000,9.00,12.50
Damian Jones,SAC,1.21,Base Set,Common,3,Dunk,60000,3.00,0.00,Base Set,Common,2,Dunk,12000,12.00,0.00
Clint Capela,ATL,1.21,Base Set,Common,3,Block,60000,3.00,50.00,Base Set,Common,2,Dunk,12000,11.00,0.00
Louis King,SAC,1.20,nan,nan,nan,nan,nan,nan,nan,nan,nan,nan,nan,nan,nan,nan
Nic Claxton,BKN,1.20,nan,nan,nan,nan,nan,nan,nan,nan,nan,nan,nan,nan,nan,nan
Cody Martin,CHA,1.19,Base Set,Common,3,Dunk,60000,2.00,-33.33,Base Set,Common,2,Steal,12000,33.00,-2.94
George Hill,MIL,1.18,Base Set,Common,3,3 Pointer,60000,3.00,0.00,Base Set,Common,1,Steal,2486,125.00,0.00
Jakob Poeltl,SAS,1.18,Base Set,Common,3,Dunk,60000,3.00,0.00,Base Set,Common,1,Block,2694,40.00,0.00
De'Anthony Melton,MEM,1.18,Base Set,Common,3,Dunk,60000,3.00,0.00,Base Set,Common,2,Dunk,12000,9.00,0.00
Terence Davis,SAC,1.17,Base Set,Common,3,Assist,60000,2.00,-33.33,Throwdowns,Rare,2,Dunk,1800,76.00,0.00
Caleb Martin,MIA,1.16,Base Set,Common,3,Layup,60000,3.00,0.00,Base Set,Common,2,Dunk,12000,10.00,0.00
Derrick Rose,NYK,1.15,Base Set,Common,3,Assist,60000,3.00,0.00,Base Set,Common,1,Jump Shot,1000,287.00,-0.35
R.J. Hampton,ORL,1.14,Base Set,Common,3,Layup,60000,3.00,0.00,Base Set,Common,2,Dunk,12000,18.00,5.88
Chris Silva,MIA,1.14,nan,nan,nan,nan,nan,nan,nan,nan,nan,nan,nan,nan,nan,nan
Dennis Smith Jr.,POR,1.14,Base Set,Common,2,Dunk,40000,4.00,33.33,Base Set,Common,1,Handles,2987,35.00,0.00
Cedi Osman,CLE,1.14,Base Set,Common,2,Block,40000,4.00,-20.00,Base Set,Common,1,Assist,3999,29.00,0.00
P.J. Washington,CHA,1.13,Base Set,Common,3,Layup,60000,3.00,0.00,Base Set,Common,1,Dunk,3999,58.00,-3.33
Alex Len,SAC,1.13,Base Set,Common,3,Dunk,60000,3.00,0.00,Base Set,Common,2,Dunk,12000,9.00,0.00
Blake Griffin,BKN,1.11,Base Set,Common,3,Jump Shot,60000,3.00,0.00,Base Set,Common,2,Jump Shot,12000,15.00,0.00
Nikola Vucevic,CHI,1.10,Base Set,Common,3,Block,60000,3.00,0.00,Base Set,Common,1,Dunk,1434,103.00,14.44
Javonte Green,CHI,1.10,Base Set,Common,3,Dunk,60000,2.00,-33.33,Base Set,Common,2,Dunk,12000,12.00,0.00
Bryn Forbes,SAS,1.10,Base Set,Common,3,Handles,60000,3.00,0.00,Base Set,Common,2,3 Pointer,12000,10.00,0.00
Isaiah Hartenstein,LAC,1.09,Base Set,Common,3,Dunk,60000,2.00,-33.33,Base Set,Common,2,Dunk,12000,7.00,0.00
Lance Stephenson,IND,1.08,Base Set,Common,3,3 Pointer,12000,17.00,6.25,Base Set,Common,3,3 Pointer,12000,17.00,6.25
Moses Brown,DAL,1.08,Base Set,Common,2,Dunk,12000,10.00,11.11,Base Set,Common,2,Dunk,12000,10.00,11.11
Dewayne Dedmon,MIA,1.08,Base Set,Common,3,Dunk,12000,8.00,14.29,Base Set,Common,3,Dunk,12000,8.00,14.29
Facundo Campazzo,DEN,1.07,Base Set,Common,3,Layup,60000,3.00,0.00,Rising Stars,Rare,2,Assist,2021,124.00,3.33
Keon Johnson,LAC,1.07,nan,nan,nan,nan,nan,nan,nan,nan,nan,nan,nan,nan,nan,nan
Tristan Thompson,SAC,1.07,Base Set,Common,3,Dunk,60000,3.00,0.00,Base Set,Common,2,Dunk,12000,9.00,0.00
Mikal Bridges,PHX,1.04,Base Set,Common,3,Dunk,60000,2.00,0.00,Base Set,Common,1,Dunk,3999,49.00,0.00
JaMychal Green,DEN,1.03,Base Set,Common,3,Dunk,60000,3.00,0.00,Base Set,Common,1,Dunk,2850,29.00,0.00
Kyle Anderson,MEM,1.03,Base Set,Common,2,Dunk,40000,4.00,0.00,Holo Icon,Legendary,2,Layup,99,2099.00,18.65
Grayson Allen,MIL,1.02,Base Set,Common,3,Layup,60000,3.00,0.00,Base Set,Common,2,Dunk,12000,10.00,0.00
Landry Shamet,PHX,1.02,Base Set,Common,3,Block,60000,3.00,0.00,Base Set,Common,1,Dunk,2851,33.00,0.00
Evan Fournier,NYK,1.02,Base Set,Common,2,Layup,35000,5.00,0.00,Base Set,Common,1,3 Pointer,3999,33.00,0.00
Justin Anderson,CLE,1.00,nan,nan,nan,nan,nan,nan,nan,nan,nan,nan,nan,nan,nan,nan
Luke Kornet,CLE,1.00,Base Set,Common,1,Dunk,3999,33.00,0.00,Base Set,Common,1,Dunk,3999,33.00,0.00
Justin Anderson,IND,1.00,nan,nan,nan,nan,nan,nan,nan,nan,nan,nan,nan,nan,nan,nan
Chimezie Metu,SAC,1.00,Base Set,Common,3,3 Pointer,60000,3.00,50.00,Base Set,Common,2,Block,12000,18.00,5.88
Cameron Oliver,ATL,1.00,nan,nan,nan,nan,nan,nan,nan,nan,nan,nan,nan,nan,nan,nan
Wes Iwundu,ATL,1.00,nan,nan,nan,nan,nan,nan,nan,nan,nan,nan,nan,nan,nan,nan
Bryn Forbes,DEN,1.00,Base Set,Common,3,Handles,60000,3.00,0.00,Base Set,Common,2,3 Pointer,12000,10.00,0.00
Rayjon Tucker,DEN,1.00,nan,nan,nan,nan,nan,nan,nan,nan,nan,nan,nan,nan,nan,nan
Zeke Nnaji,DEN,1.00,Base Set,Common,2,Dunk,12000,27.00,0.00,Base Set,Common,2,Dunk,12000,27.00,0.00
David Duke Jr.,BKN,1.00,nan,nan,nan,nan,nan,nan,nan,nan,nan,nan,nan,nan,nan,nan
Daniel Oturu,TOR,1.00,nan,nan,nan,nan,nan,nan,nan,nan,nan,nan,nan,nan,nan,nan
Paris Bass,PHX,1.00,nan,nan,nan,nan,nan,nan,nan,nan,nan,nan,nan,nan,nan,nan
Eric Paschall,UTA,1.00,Base Set,Common,2,Layup,40000,5.00,0.00,Base Set,Common,1,Dunk,1257,86.00,1.18
Reggie Perry,POR,1.00,Base Set,Common,2,Layup,4000,43.00,2.38,Base Set,Common,2,Layup,4000,43.00,2.38
Bones Hyland,DEN,0.97,Base Set,Common,3,Jump Shot,4000,189.00,2.16,Base Set,Common,3,Jump Shot,4000,189.00,2.16
Bogdan Bogdanovic,ATL,0.96,Base Set,Common,2,Layup,40000,5.00,25.00,Base Set,Common,1,Assist,3345,37.00,0.00
Jae Crowder,PHX,0.95,Base Set,Common,2,3 Pointer,40000,4.00,0.00,Base Set,Common,1,Assist,1240,65.00,0.00
Goga Bitadze,IND,0.93,Base Set,Common,2,Layup,12000,23.00,15.00,Base Set,Common,2,Layup,12000,23.00,15.00
Precious Achiuwa,TOR,0.91,Base Set,Common,3,Dunk,60000,3.00,0.00,Base Set,Common,2,Dunk,4000,45.00,0.00
Brad Wanamaker,IND,0.91,Base Set,Common,2,Layup,12000,32.00,0.00,Base Set,Common,2,Layup,12000,32.00,0.00
Omer Yurtseven,MIA,0.89,nan,nan,nan,nan,nan,nan,nan,nan,nan,nan,nan,nan,nan,nan
Marko Simonovic,CHI,0.89,nan,nan,nan,nan,nan,nan,nan,nan,nan,nan,nan,nan,nan,nan
Duane Washington Jr.,IND,0.88,nan,nan,nan,nan,nan,nan,nan,nan,nan,nan,nan,nan,nan,nan
Luke Kennard,LAC,0.87,Base Set,Common,2,3 Pointer,12000,19.00,-9.52,Base Set,Common,2,3 Pointer,12000,19.00,-9.52
Isaiah Jackson,IND,0.87,nan,nan,nan,nan,nan,nan,nan,nan,nan,nan,nan,nan,nan,nan
Larry Nance Jr.,POR,0.86,Base Set,Common,2,Dunk,35000,4.00,0.00,Base Set,Common,1,Dunk,1500,35.00,-2.78
Robin Lopez,ORL,0.86,Base Set,Common,3,Assist,60000,3.00,0.00,Base Set,Common,2,Jump Shot,12000,18.00,0.00
Max Strus,MIA,0.86,Base Set,Common,3,Layup,60000,2.00,-33.33,Base Set,Common,2,Dunk,12000,12.00,9.09
Xavier Tillman,MEM,0.84,Base Set,Common,2,Dunk,40000,5.00,0.00,Base Set,Common,2,Dunk,4000,39.00,0.00
Oshae Brissett,IND,0.81,Base Set,Common,3,Dunk,12000,13.00,0.00,Base Set,Common,3,Dunk,12000,13.00,0.00
Cam Thomas,BKN,0.80,nan,nan,nan,nan,nan,nan,nan,nan,nan,nan,nan,nan,nan,nan
Patrick Williams,CHI,0.80,Base Set,Common,2,Dunk,40000,8.00,14.29,Base Set,Common,2,Layup,4000,105.00,0.00
Jalen McDaniels,CHA,0.79,nan,nan,nan,nan,nan,nan,nan,nan,nan,nan,nan,nan,nan,nan
Devin Vassell,SAS,0.79,Base Set,Common,3,Dunk,60000,3.00,0.00,Base Set,Common,2,3 Pointer,4000,68.00,0.00
Gabe Vincent,MIA,0.79,Base Set,Common,3,Dunk,12000,15.00,0.00,Base Set,Common,3,Dunk,12000,15.00,0.00
Dorian Finney-Smith,DAL,0.78,Base Set,Common,2,Dunk,12000,29.00,3.57,Base Set,Common,2,Dunk,12000,29.00,3.57
Tyus Jones,MEM,0.78,Base Set,Common,1,Assist,3999,53.00,0.00,Base Set,Common,1,Assist,3999,53.00,0.00
Chuma Okeke,ORL,0.76,Base Set,Common,2,Dunk,40000,5.00,-16.67,Base Set,Common,2,Jump Shot,4000,40.00,-6.98
Mo Bamba,ORL,0.76,Base Set,Common,3,Dunk,60000,3.00,0.00,Base Set,Common,1,Dunk,2767,53.00,0.00
Nerlens Noel,NYK,0.75,Base Set,Common,2,Block,15000,14.00,7.69,Base Set,Common,1,Dunk,3346,32.00,0.00
Trendon Watford,POR,0.75,nan,nan,nan,nan,nan,nan,nan,nan,nan,nan,nan,nan,nan,nan
Keita Bates-Diop,SAS,0.74,nan,nan,nan,nan,nan,nan,nan,nan,nan,nan,nan,nan,nan,nan
Justin Holiday,IND,0.74,Base Set,Common,3,Dunk,60000,2.00,-33.33,Base Set,Common,1,Layup,2767,29.00,-6.45
Mason Plumlee,CHA,0.74,Base Set,Common,2,Dunk,35000,4.00,0.00,Base Set,Common,2,Dunk,12000,7.00,0.00
Yuta Watanabe,TOR,0.74,Base Set,Common,2,Layup,12000,15.00,0.00,Base Set,Common,2,Layup,12000,15.00,0.00
Duncan Robinson,MIA,0.73,Base Set,Common,2,3 Pointer,40000,5.00,25.00,Base Set,Common,1,3 Pointer,1959,59.00,0.00
Maxi Kleber,DAL,0.72,Base Set,Common,2,3 Pointer,15000,24.00,0.00,Base Set,Common,1,Dunk,3999,51.00,0.00
Day'Ron Sharpe,BKN,0.71,nan,nan,nan,nan,nan,nan,nan,nan,nan,nan,nan,nan,nan,nan
Marquese Chriss,DAL,0.71,Base Set,Common,1,Dunk,3999,38.00,0.00,Base Set,Common,1,Dunk,3999,38.00,0.00
Svi Mykhailiuk,TOR,0.71,Base Set,Common,3,Dunk,60000,3.00,0.00,Base Set,Common,1,3 Pointer,3999,27.00,0.00
Delon Wright,ATL,0.71,Base Set,Common,2,Assist,35000,4.00,0.00,Base Set,Common,1,Layup,2092,50.00,11.11
Nick Richards,CHA,0.71,nan,nan,nan,nan,nan,nan,nan,nan,nan,nan,nan,nan,nan,nan
Bruce Brown,BKN,0.70,Base Set,Common,2,3 Pointer,40000,4.00,0.00,Base Set,Common,1,Dunk,3339,35.00,0.00
Trey Burke,DAL,0.70,Base Set,Common,3,Layup,60000,2.00,0.00,Base Set,Common,2,Layup,12000,8.00,0.00
Monte Morris,DEN,0.69,2021 NBA Playoffs,Common,2,3 Pointer,12000,16.00,0.00,Base Set,Common,2,Handles,12000,18.00,5.88
Jock Landale,SAS,0.69,nan,nan,nan,nan,nan,nan,nan,nan,nan,nan,nan,nan,nan,nan
Patty Mills,BKN,0.69,Base Set,Common,2,Jump Shot,40000,9.00,0.00,Base Set,Common,1,Steal,3167,62.00,5.08
Taj Gibson,NYK,0.68,Base Set,Common,2,Dunk,12000,17.00,-5.56,Base Set,Common,2,Dunk,12000,17.00,-5.56
Keifer Sykes,IND,0.67,nan,nan,nan,nan,nan,nan,nan,nan,nan,nan,nan,nan,nan,nan
Wayne Selden,NYK,0.67,nan,nan,nan,nan,nan,nan,nan,nan,nan,nan,nan,nan,nan,nan
Malcolm Hill,CHI,0.67,nan,nan,nan,nan,nan,nan,nan,nan,nan,nan,nan,nan,nan,nan
Jaylen Morris,SAS,0.67,nan,nan,nan,nan,nan,nan,nan,nan,nan,nan,nan,nan,nan,nan
Carlik Jones,DAL,0.67,nan,nan,nan,nan,nan,nan,nan,nan,nan,nan,nan,nan,nan,nan
Cameron McGriff,POR,0.67,nan,nan,nan,nan,nan,nan,nan,nan,nan,nan,nan,nan,nan,nan
Royce O'Neale,UTA,0.66,Base Set,Common,2,Dunk,12000,24.00,14.29,Base Set,Common,2,Dunk,12000,24.00,14.29
P.J. Tucker,MIA,0.66,Base Set,Common,3,Dunk,60000,3.00,0.00,Base Set,Common,1,Layup,3999,30.00,3.45
Ben McLemore,POR,0.66,Base Set,Common,2,3 Pointer,40000,5.00,25.00,2021 NBA Playoffs,Common,2,3 Pointer,12000,14.00,7.69
Pat Connaughton,MIL,0.65,Base Set,Common,2,Assist,12000,24.00,4.35,Base Set,Common,2,Assist,12000,24.00,4.35
Vlatko Cancar,DEN,0.64,nan,nan,nan,nan,nan,nan,nan,nan,nan,nan,nan,nan,nan,nan
Kevin Huerter,ATL,0.64,Base Set,Common,2,Layup,40000,5.00,25.00,Base Set,Common,1,Assist,1253,60.00,0.00
Ayo Dosunmu,CHI,0.62,Base Set,Common,3,Layup,4000,262.00,0.77,Base Set,Common,3,Layup,4000,262.00,0.77
Lonzo Ball,CHI,0.60,Base Set,Common,2,3 Pointer,15000,30.00,0.00,Base Set,Common,1,Assist,3999,99.00,0.00
Tre Jones,SAS,0.59,Base Set,Common,2,Layup,4000,69.00,1.47,Base Set,Common,2,Layup,4000,69.00,1.47
Doug McDermott,SAS,0.59,Base Set,Common,2,Dunk,12000,14.00,0.00,Base Set,Common,2,Dunk,12000,14.00,0.00
JT Thor,CHA,0.58,Base Set,Common,3,Dunk,12000,26.00,8.33,Base Set,Common,3,Dunk,12000,26.00,8.33
Torrey Craig,IND,0.56,2021 NBA Playoffs,Common,2,Dunk,11500,24.00,0.00,Base Set,Common,1,Block,3340,95.00,0.00
Michael Porter Jr.,DEN,0.56,Base Set,Common,2,Dunk,35000,5.00,0.00,Rising Stars,Rare,2,3 Pointer,2021,158.00,0.64
P.J. Dozier,DEN,0.56,nan,nan,nan,nan,nan,nan,nan,nan,nan,nan,nan,nan,nan,nan
James Bouknight,CHA,0.55,Base Set,Common,3,Dunk,12000,38.00,2.70,Base Set,Common,3,Dunk,12000,38.00,2.70
Timothe Luwawu-Cabarrot,ATL,0.55,nan,nan,nan,nan,nan,nan,nan,nan,nan,nan,nan,nan,nan,nan
Kevin Knox II,NYK,0.54,nan,nan,nan,nan,nan,nan,nan,nan,nan,nan,nan,nan,nan,nan
Thanasis Antetokounmpo,MIL,0.54,Base Set,Common,3,Dunk,60000,2.00,0.00,Base Set,Common,2,Dunk,12000,15.00,0.00
Nicolas Batum,LAC,0.54,2021 NBA Playoffs,Common,2,Dunk,11500,10.00,0.00,Base Set,Common,2,Block,12000,12.00,9.09
Gorgui Dieng,ATL,0.53,nan,nan,nan,nan,nan,nan,nan,nan,nan,nan,nan,nan,nan,nan
Semi Ojeleye,MIL,0.53,Base Set,Common,2,Layup,12000,7.00,0.00,Base Set,Common,2,Layup,12000,7.00,0.00
Dalano Banton,TOR,0.53,Base Set,Common,3,3 Pointer,4000,84.00,0.00,Base Set,Common,3,3 Pointer,4000,84.00,0.00
Frank Ntilikina,DAL,0.53,nan,nan,nan,nan,nan,nan,nan,nan,nan,nan,nan,nan,nan,nan
Davion Mitchell,SAC,0.52,Base Set,Common,3,Jump Shot,4000,129.00,3.20,Base Set,Common,3,Jump Shot,4000,129.00,3.20
Trent Forrest,UTA,0.51,nan,nan,nan,nan,nan,nan,nan,nan,nan,nan,nan,nan,nan,nan
Robert Covington,POR,0.51,Base Set,Common,2,Assist,12000,63.00,-7.35,Base Set,Common,2,Assist,12000,63.00,-7.35
Lamar Stevens,CLE,0.50,Base Set,Common,3,Dunk,60000,3.00,0.00,Base Set,Common,2,Dunk,12000,15.00,0.00
Scottie Lewis,CHA,0.50,nan,nan,nan,nan,nan,nan,nan,nan,nan,nan,nan,nan,nan,nan
Vernon Carey Jr.,CHA,0.50,nan,nan,nan,nan,nan,nan,nan,nan,nan,nan,nan,nan,nan,nan
T.J. McConnell,IND,0.50,Base Set,Common,3,Layup,60000,3.00,0.00,Base Set,Common,1,Assist,1500,36.00,0.00
Tim Frazier,ORL,0.50,nan,nan,nan,nan,nan,nan,nan,nan,nan,nan,nan,nan,nan,nan
Neemias Queta,SAC,0.50,nan,nan,nan,nan,nan,nan,nan,nan,nan,nan,nan,nan,nan,nan
Markieff Morris,MIA,0.50,Base Set,Common,2,Dunk,40000,5.00,0.00,Base Set,Common,1,3 Pointer,1915,56.00,1.82
Paul Millsap,BKN,0.50,Base Set,Common,3,Dunk,60000,3.00,0.00,Base Set,Common,2,Layup,12000,18.00,0.00
Ziaire Williams,MEM,0.50,Base Set,Common,3,3 Pointer,4000,110.00,3.77,Base Set,Common,3,3 Pointer,4000,110.00,3.77
Joshua Primo,SAS,0.50,Base Set,Common,3,3 Pointer,4000,83.00,1.22,Base Set,Common,3,3 Pointer,4000,83.00,1.22
Boban Marjanovic,DAL,0.50,Base Set,Common,3,Layup,60000,3.00,0.00,Base Set,Common,1,Dunk,2681,42.00,0.00
Eugene Omoruyi,DAL,0.50,nan,nan,nan,nan,nan,nan,nan,nan,nan,nan,nan,nan,nan,nan
CJ Elleby,POR,0.50,nan,nan,nan,nan,nan,nan,nan,nan,nan,nan,nan,nan,nan,nan
Troy Brown Jr.,CHI,0.49,Base Set,Common,2,Block,15000,12.00,9.09,Base Set,Common,1,Jump Shot,1500,35.00,-7.89
Serge Ibaka,LAC,0.48,Base Set,Common,2,Dunk,15000,25.00,4.17,Metallic Gold LE,Rare,2,Block,499,194.00,-2.51
Santi Aldama,MEM,0.46,Base Set,Common,3,3 Pointer,4000,42.00,2.44,Base Set,Common,3,3 Pointer,4000,42.00,2.44
Devon Dotson,CHI,0.45,nan,nan,nan,nan,nan,nan,nan,nan,nan,nan,nan,nan,nan,nan
Georgios Kalaitzakis,MIL,0.44,nan,nan,nan,nan,nan,nan,nan,nan,nan,nan,nan,nan,nan,nan
Kyle Guy,MIA,0.44,nan,nan,nan,nan,nan,nan,nan,nan,nan,nan,nan,nan,nan,nan
Josh Green,DAL,0.44,Base Set,Common,2,Dunk,12000,26.00,0.00,Base Set,Common,2,Dunk,12000,26.00,0.00
Abdel Nader,PHX,0.43,nan,nan,nan,nan,nan,nan,nan,nan,nan,nan,nan,nan,nan,nan
DeAndre' Bembry,BKN,0.43,Base Set,Common,3,Dunk,60000,3.00,0.00,Base Set,Common,2,Layup,12000,10.00,0.00
Markus Howard,DEN,0.41,nan,nan,nan,nan,nan,nan,nan,nan,nan,nan,nan,nan,nan,nan
Jarrett Culver,MEM,0.41,Base Set,Common,2,Dunk,15000,18.00,0.00,Base Set,Common,1,Dunk,3999,59.00,0.00
Justise Winslow,LAC,0.41,Base Set,Common,2,Jump Shot,12000,9.00,12.50,Base Set,Common,2,Jump Shot,12000,9.00,12.50
Austin Rivers,DEN,0.41,Base Set,Common,2,3 Pointer,40000,4.00,-20.00,Base Set,Common,1,Handles,3339,79.00,0.00
Ish Smith,CHA,0.40,Base Set,Common,3,Assist,60000,3.00,50.00,Base Set,Common,1,Steal,3999,28.00,3.70
Tony Bradley,CHI,0.39,nan,nan,nan,nan,nan,nan,nan,nan,nan,nan,nan,nan,nan,nan
Matt Thomas,CHI,0.39,nan,nan,nan,nan,nan,nan,nan,nan,nan,nan,nan,nan,nan,nan
John Konchar,MEM,0.39,nan,nan,nan,nan,nan,nan,nan,nan,nan,nan,nan,nan,nan,nan
Skylar Mays,ATL,0.39,Base Set,Common,2,Dunk,12000,20.00,-4.76,Base Set,Common,2,Dunk,12000,20.00,-4.76
Javonte Smart,MIL,0.38,nan,nan,nan,nan,nan,nan,nan,nan,nan,nan,nan,nan,nan,nan
Ignas Brazdeikis,ORL,0.38,nan,nan,nan,nan,nan,nan,nan,nan,nan,nan,nan,nan,nan,nan
KZ Okpala,MIA,0.38,Base Set,Common,2,Layup,12000,7.00,0.00,Base Set,Common,2,Layup,12000,7.00,0.00
Jordan Nwora,MIL,0.38,Base Set,Common,3,Block,60000,3.00,0.00,Base Set,Common,2,3 Pointer,4000,200.00,0.00
Sandro Mamukelashvili,MIL,0.38,nan,nan,nan,nan,nan,nan,nan,nan,nan,nan,nan,nan,nan,nan
Hassani Gravett,ORL,0.38,nan,nan,nan,nan,nan,nan,nan,nan,nan,nan,nan,nan,nan,nan
Udonis Haslem,MIA,0.38,Archive Set,Common,S21,Dunk,20000,5.00,0.00,Run It Back,Rare,1,Assist,275,399.00,0.00
Thaddeus Young,SAS,0.38,Base Set,Common,2,Dunk,40000,4.00,-20.00,Base Set,Common,1,Dunk,3999,28.00,0.00
Rodney Hood,MIL,0.37,nan,nan,nan,nan,nan,nan,nan,nan,nan,nan,nan,nan,nan,nan
Dean Wade,CLE,0.36,Base Set,Common,2,Dunk,12000,10.00,0.00,Base Set,Common,2,Dunk,12000,10.00,0.00
Jalen Johnson,ATL,0.36,Base Set,Common,3,3 Pointer,4000,63.00,0.00,Base Set,Common,3,3 Pointer,4000,63.00,0.00
Reggie Bullock,DAL,0.36,Base Set,Common,1,Steal,3999,53.00,8.16,Base Set,Common,1,Steal,3999,53.00,8.16
Joe Harris,BKN,0.36,Base Set,Common,2,Dunk,40000,4.00,-20.00,Base Set,Common,1,Layup,3999,31.00,0.00
Joe Ingles,UTA,0.36,Base Set,Common,2,3 Pointer,40000,6.00,0.00,Base Set,Common,1,Assist,3999,39.00,0.00
Brandon Goodwin,CLE,0.33,nan,nan,nan,nan,nan,nan,nan,nan,nan,nan,nan,nan,nan,nan
Kelan Martin,IND,0.33,Base Set,Common,3,Jump Shot,12000,7.00,16.67,Base Set,Common,3,Jump Shot,12000,7.00,16.67
Wenyen Gabriel,LAC,0.33,nan,nan,nan,nan,nan,nan,nan,nan,nan,nan,nan,nan,nan,nan
Xavier Moon,LAC,0.33,nan,nan,nan,nan,nan,nan,nan,nan,nan,nan,nan,nan,nan,nan
Freddie Gillespie,ORL,0.33,nan,nan,nan,nan,nan,nan,nan,nan,nan,nan,nan,nan,nan,nan
Jahmi'us Ramsey,SAC,0.33,nan,nan,nan,nan,nan,nan,nan,nan,nan,nan,nan,nan,nan,nan
Maurice Harkless,SAC,0.33,Base Set,Common,2,Dunk,12000,15.00,7.14,Base Set,Common,2,Dunk,12000,15.00,7.14
Isaac Bonga,TOR,0.33,Base Set,Common,2,Assist,12000,8.00,0.00,Base Set,Common,2,Assist,12000,8.00,0.00
Justin Champagnie,TOR,0.33,nan,nan,nan,nan,nan,nan,nan,nan,nan,nan,nan,nan,nan,nan
Sam Merrill,MEM,0.33,Base Set,Common,2,3 Pointer,12000,22.00,0.00,Base Set,Common,2,3 Pointer,12000,22.00,0.00
Chandler Hutchison,PHX,0.33,Base Set,Common,2,Dunk,12000,9.00,12.50,Base Set,Common,2,Dunk,12000,9.00,12.50
Theo Pinson,DAL,0.33,nan,nan,nan,nan,nan,nan,nan,nan,nan,nan,nan,nan,nan,nan
Greg Brown III,POR,0.33,Hustle and Show,Common,3,Dunk,18000,12.00,0.00,Base Set,Common,3,Dunk,4000,44.00,4.76
Elfrid Payton,PHX,0.31,Base Set,Common,2,Handles,12000,17.00,-5.56,Base Set,Common,2,Handles,12000,17.00,-5.56
Jay Scrubb,LAC,0.29,nan,nan,nan,nan,nan,nan,nan,nan,nan,nan,nan,nan,nan,nan
Jared Butler,UTA,0.29,nan,nan,nan,nan,nan,nan,nan,nan,nan,nan,nan,nan,nan,nan
Sterling Brown,DAL,0.28,Base Set,Common,2,Dunk,12000,7.00,0.00,Base Set,Common,2,Dunk,12000,7.00,0.00
Elijah Hughes,UTA,0.27,nan,nan,nan,nan,nan,nan,nan,nan,nan,nan,nan,nan,nan,nan
Robert Woodard II,SAC,0.25,nan,nan,nan,nan,nan,nan,nan,nan,nan,nan,nan,nan,nan,nan
Alize Johnson,CHI,0.25,nan,nan,nan,nan,nan,nan,nan,nan,nan,nan,nan,nan,nan,nan
George King,DAL,0.25,nan,nan,nan,nan,nan,nan,nan,nan,nan,nan,nan,nan,nan,nan
Petr Cornelie,DEN,0.23,nan,nan,nan,nan,nan,nan,nan,nan,nan,nan,nan,nan,nan,nan
Joe Wieskamp,SAS,0.23,nan,nan,nan,nan,nan,nan,nan,nan,nan,nan,nan,nan,nan,nan
Dylan Windler,CLE,0.22,Base Set,Common,2,3 Pointer,4000,81.00,0.00,Base Set,Common,2,3 Pointer,4000,81.00,0.00
Ed Davis,CLE,0.21,nan,nan,nan,nan,nan,nan,nan,nan,nan,nan,nan,nan,nan,nan
Jericho Sims,NYK,0.21,nan,nan,nan,nan,nan,nan,nan,nan,nan,nan,nan,nan,nan,nan
Davon Reed,DEN,0.21,nan,nan,nan,nan,nan,nan,nan,nan,nan,nan,nan,nan,nan,nan
Quentin Grimes,NYK,0.20,nan,nan,nan,nan,nan,nan,nan,nan,nan,nan,nan,nan,nan,nan
James Johnson,BKN,0.19,Base Set,Common,3,Dunk,60000,2.00,-33.33,Base Set,Common,2,Dunk,12000,7.00,0.00
Wesley Matthews,MIL,0.19,nan,nan,nan,nan,nan,nan,nan,nan,nan,nan,nan,nan,nan,nan
Tacko Fall,CLE,0.18,Base Set,Common,3,Block,60000,3.00,0.00,Base Set,Common,2,Block,12000,8.00,0.00
Killian Tillie,MEM,0.18,nan,nan,nan,nan,nan,nan,nan,nan,nan,nan,nan,nan,nan,nan
RJ Nembhard Jr.,CLE,0.17,nan,nan,nan,nan,nan,nan,nan,nan,nan,nan,nan,nan,nan,nan
Lance Stephenson,ATL,0.17,Base Set,Common,3,3 Pointer,12000,17.00,6.25,Base Set,Common,3,3 Pointer,12000,17.00,6.25
Miles McBride,NYK,0.17,nan,nan,nan,nan,nan,nan,nan,nan,nan,nan,nan,nan,nan,nan
Marcus Garrett,MIA,0.17,nan,nan,nan,nan,nan,nan,nan,nan,nan,nan,nan,nan,nan,nan
Kevin Pangos,CLE,0.15,nan,nan,nan,nan,nan,nan,nan,nan,nan,nan,nan,nan,nan,nan
Malachi Flynn,TOR,0.15,Base Set,Common,2,Layup,12000,19.00,0.00,Base Set,Common,2,Layup,12000,19.00,0.00
Bol Bol,DEN,0.14,Base Set,Common,3,Steal,60000,3.00,0.00,Base Set,Common,1,Dunk,1643,92.00,2.22
Mychal Mulder,ORL,0.13,Base Set,Common,2,Layup,40000,4.00,0.00,Rising Stars,Rare,2,Dunk,2021,99.00,-1.00
Admiral Schofield,ORL,0.13,nan,nan,nan,nan,nan,nan,nan,nan,nan,nan,nan,nan,nan,nan
Udoka Azubuike,UTA,0.13,Base Set,Common,2,Dunk,4000,91.00,0.00,Base Set,Common,2,Dunk,4000,91.00,0.00
Justin Robinson,MIL,0.12,nan,nan,nan,nan,nan,nan,nan,nan,nan,nan,nan,nan,nan,nan
Ish Wainright,PHX,0.10,nan,nan,nan,nan,nan,nan,nan,nan,nan,nan,nan,nan,nan,nan
Tony Snell,POR,0.09,Base Set,Common,2,3 Pointer,12000,16.00,0.00,Base Set,Common,2,3 Pointer,12000,16.00,0.00
Jevon Carter,BKN,0.09,Base Set,Common,2,Layup,12000,7.00,0.00,Base Set,Common,2,Layup,12000,7.00,0.00
Kai Jones,CHA,0.07,nan,nan,nan,nan,nan,nan,nan,nan,nan,nan,nan,nan,nan,nan
Alfonzo McKinnie,CHI,0.07,nan,nan,nan,nan,nan,nan,nan,nan,nan,nan,nan,nan,nan,nan
Kessler Edwards,BKN,0.07,nan,nan,nan,nan,nan,nan,nan,nan,nan,nan,nan,nan,nan,nan
Willie Cauley-Stein,DAL,0.06,Base Set,Common,2,Block,12000,10.00,0.00,Base Set,Common,2,Block,12000,10.00,0.00
Brook Lopez,MIL,0.00,Base Set,Common,2,Dunk,40000,6.00,-14.29,Base Set,Common,1,Assist,2983,48.00,0.00
Javin DeLaurier,MIL,0.00,nan,nan,nan,nan,nan,nan,nan,nan,nan,nan,nan,nan,nan,nan
Jeff Dowtin,MIL,0.00,nan,nan,nan,nan,nan,nan,nan,nan,nan,nan,nan,nan,nan,nan
Langston Galloway,MIL,0.00,Base Set,Common,1,Jump Shot,2981,31.00,0.00,Base Set,Common,1,Jump Shot,2981,31.00,0.00
Lindell Wigginton,MIL,0.00,nan,nan,nan,nan,nan,nan,nan,nan,nan,nan,nan,nan,nan,nan
Luke Kornet,MIL,0.00,Base Set,Common,1,Dunk,3999,33.00,0.00,Base Set,Common,1,Dunk,3999,33.00,0.00
Denzel Valentine,CLE,0.00,Base Set,Common,2,Dunk,12000,15.00,0.00,Base Set,Common,2,Dunk,12000,15.00,0.00
Trevon Scott,CLE,0.00,nan,nan,nan,nan,nan,nan,nan,nan,nan,nan,nan,nan,nan,nan
Arnoldas Kulboka,CHA,0.00,nan,nan,nan,nan,nan,nan,nan,nan,nan,nan,nan,nan,nan,nan
Ahmad Caver,IND,0.00,nan,nan,nan,nan,nan,nan,nan,nan,nan,nan,nan,nan,nan,nan
DeJon Jarreau,IND,0.00,nan,nan,nan,nan,nan,nan,nan,nan,nan,nan,nan,nan,nan,nan
Nate Hinton,IND,0.00,nan,nan,nan,nan,nan,nan,nan,nan,nan,nan,nan,nan,nan,nan
Terry Taylor,IND,0.00,nan,nan,nan,nan,nan,nan,nan,nan,nan,nan,nan,nan,nan,nan
Moses Wright,LAC,0.00,nan,nan,nan,nan,nan,nan,nan,nan,nan,nan,nan,nan,nan,nan
Aleem Ford,ORL,0.00,nan,nan,nan,nan,nan,nan,nan,nan,nan,nan,nan,nan,nan,nan
BJ Johnson,ORL,0.00,nan,nan,nan,nan,nan,nan,nan,nan,nan,nan,nan,nan,nan,nan
Ade Murkey,SAC,0.00,nan,nan,nan,nan,nan,nan,nan,nan,nan,nan,nan,nan,nan,nan
Justin Robinson,SAC,0.00,nan,nan,nan,nan,nan,nan,nan,nan,nan,nan,nan,nan,nan,nan
Cat Barber,ATL,0.00,nan,nan,nan,nan,nan,nan,nan,nan,nan,nan,nan,nan,nan,nan
Kevin Knox II,ATL,0.00,nan,nan,nan,nan,nan,nan,nan,nan,nan,nan,nan,nan,nan,nan
Sharife Cooper,ATL,0.00,nan,nan,nan,nan,nan,nan,nan,nan,nan,nan,nan,nan,nan,nan
Solomon Hill,ATL,0.00,Base Set,Common,2,Assist,12000,12.00,-7.69,Base Set,Common,2,Assist,12000,12.00,-7.69
Cam Reddish,NYK,0.00,Base Set,Common,3,Dunk,60000,3.00,0.00,Throwdowns,Rare,2,Dunk,1800,85.00,-1.16
Damyean Dotson,NYK,0.00,Base Set,Common,2,Dunk,12000,7.00,0.00,Base Set,Common,2,Dunk,12000,7.00,0.00
Danuel House Jr.,NYK,0.00,Base Set,Common,2,Layup,40000,4.00,0.00,Base Set,Common,1,Dunk,3525,29.00,0.00
Matt Mooney,NYK,0.00,nan,nan,nan,nan,nan,nan,nan,nan,nan,nan,nan,nan,nan,nan
Tyler Hall,NYK,0.00,nan,nan,nan,nan,nan,nan,nan,nan,nan,nan,nan,nan,nan,nan
Haywood Highsmith,MIA,0.00,nan,nan,nan,nan,nan,nan,nan,nan,nan,nan,nan,nan,nan,nan
Carlik Jones,DEN,0.00,nan,nan,nan,nan,nan,nan,nan,nan,nan,nan,nan,nan,nan,nan
DeMarcus Cousins,DEN,0.00,Base Set,Common,2,3 Pointer,15000,6.00,0.00,Run It Back,Rare,1,Dunk,275,1400.00,0.00
James Ennis III,DEN,0.00,Base Set,Common,2,Layup,12000,13.00,0.00,Base Set,Common,2,Layup,12000,13.00,0.00
James Ennis III,BKN,0.00,Base Set,Common,2,Layup,12000,13.00,0.00,Base Set,Common,2,Layup,12000,13.00,0.00
Langston Galloway,BKN,0.00,Base Set,Common,1,Jump Shot,2981,31.00,0.00,Base Set,Common,1,Jump Shot,2981,31.00,0.00
Shaquille Harrison,BKN,0.00,nan,nan,nan,nan,nan,nan,nan,nan,nan,nan,nan,nan,nan,nan
Wenyen Gabriel,BKN,0.00,nan,nan,nan,nan,nan,nan,nan,nan,nan,nan,nan,nan,nan,nan
David Johnson,TOR,0.00,nan,nan,nan,nan,nan,nan,nan,nan,nan,nan,nan,nan,nan,nan
Juwan Morgan,TOR,0.00,nan,nan,nan,nan,nan,nan,nan,nan,nan,nan,nan,nan,nan,nan
Sam Dekker,TOR,0.00,nan,nan,nan,nan,nan,nan,nan,nan,nan,nan,nan,nan,nan,nan
Tremont Waters,TOR,0.00,Base Set,Common,2,Assist,12000,7.00,0.00,Base Set,Common,2,Assist,12000,7.00,0.00
Jordan Bell,CHI,0.00,nan,nan,nan,nan,nan,nan,nan,nan,nan,nan,nan,nan,nan,nan
Mac McClung,CHI,0.00,nan,nan,nan,nan,nan,nan,nan,nan,nan,nan,nan,nan,nan,nan
DaQuan Jeffries,MEM,0.00,Base Set,Common,2,Dunk,12000,6.00,0.00,Base Set,Common,2,Dunk,12000,6.00,0.00
Dakota Mathias,MEM,0.00,nan,nan,nan,nan,nan,nan,nan,nan,nan,nan,nan,nan,nan,nan
Jon Teske,MEM,0.00,nan,nan,nan,nan,nan,nan,nan,nan,nan,nan,nan,nan,nan,nan
Shaq Buchanan,MEM,0.00,nan,nan,nan,nan,nan,nan,nan,nan,nan,nan,nan,nan,nan,nan
Tyrell Terry,MEM,0.00,nan,nan,nan,nan,nan,nan,nan,nan,nan,nan,nan,nan,nan,nan
Xavier Sneed,MEM,0.00,nan,nan,nan,nan,nan,nan,nan,nan,nan,nan,nan,nan,nan,nan
Yves Pons,MEM,0.00,nan,nan,nan,nan,nan,nan,nan,nan,nan,nan,nan,nan,nan,nan
Anthony Lamb,SAS,0.00,nan,nan,nan,nan,nan,nan,nan,nan,nan,nan,nan,nan,nan,nan
Devontae Cacok,SAS,0.00,nan,nan,nan,nan,nan,nan,nan,nan,nan,nan,nan,nan,nan,nan
Juancho Hernangomez,SAS,0.00,Base Set,Common,2,Layup,12000,23.00,0.00,Base Set,Common,2,Layup,12000,23.00,0.00
Tyler Johnson,SAS,0.00,nan,nan,nan,nan,nan,nan,nan,nan,nan,nan,nan,nan,nan,nan
Emanuel Terry,PHX,0.00,nan,nan,nan,nan,nan,nan,nan,nan,nan,nan,nan,nan,nan,nan
Justin Jackson,PHX,0.00,nan,nan,nan,nan,nan,nan,nan,nan,nan,nan,nan,nan,nan,nan
MJ Walker,PHX,0.00,nan,nan,nan,nan,nan,nan,nan,nan,nan,nan,nan,nan,nan,nan
Denzel Valentine,UTA,0.00,Base Set,Common,2,Dunk,12000,15.00,0.00,Base Set,Common,2,Dunk,12000,15.00,0.00
Malik Fitts,UTA,0.00,nan,nan,nan,nan,nan,nan,nan,nan,nan,nan,nan,nan,nan,nan
Miye Oni,UTA,0.00,nan,nan,nan,nan,nan,nan,nan,nan,nan,nan,nan,nan,nan,nan
Norvel Pelle,UTA,0.00,nan,nan,nan,nan,nan,nan,nan,nan,nan,nan,nan,nan,nan,nan
Zylan Cheatham,UTA,0.00,nan,nan,nan,nan,nan,nan,nan,nan,nan,nan,nan,nan,nan,nan
Charlie Brown Jr.,DAL,0.00,nan,nan,nan,nan,nan,nan,nan,nan,nan,nan,nan,nan,nan,nan
Isaiah Thomas,DAL,0.00,nan,nan,nan,nan,nan,nan,nan,nan,nan,nan,nan,nan,nan,nan
JaQuori McLaughlin,DAL,0.00,nan,nan,nan,nan,nan,nan,nan,nan,nan,nan,nan,nan,nan,nan
Jarron Cumberland,POR,0.00,nan,nan,nan,nan,nan,nan,nan,nan,nan,nan,nan,nan,nan,nan
Keljin Blevins,POR,0.00,nan,nan,nan,nan,nan,nan,nan,nan,nan,nan,nan,nan,nan,nan
